country,iso2c,iso3c,year,NY.GDP.PCAP.PP.KD
Australia,AU,AUS,2023,60684.9596204883
Australia,AU,AUS,2022,60029.1329190733
Australia,AU,AUS,2021,58327.4146842325
Australia,AU,AUS,2020,57260.4650530108
Australia,AU,AUS,2019,58048.6188420831
Australia,AU,AUS,2018,57647.8455068105
Australia,AU,AUS,2017,56881.8569859104
Australia,AU,AUS,2016,56529.951824687
Australia,AU,AUS,2015,55879.9958817103
Australia,AU,AUS,2014,55489.068844146
Australia,AU,AUS,2013,54895.0052588984
Australia,AU,AUS,2012,54403.8836902433
Australia,AU,AUS,2011,53257.0473237603
Australia,AU,AUS,2010,52739.2681556133
Australia,AU,AUS,2009,52407.9115378584
Australia,AU,AUS,2008,52473.3819160773
Australia,AU,AUS,2007,51663.2403953881
Australia,AU,AUS,2006,50693.7248649798
Australia,AU,AUS,2005,49997.0664953941
Australia,AU,AUS,2004,49061.2761503925
Australia,AU,AUS,2003,47581.2285345879
Australia,AU,AUS,2002,46688.3947760633
Australia,AU,AUS,2001,45428.2000837579
Australia,AU,AUS,2000,45099.0752097084
Australia,AU,AUS,1999,43899.073794405
Australia,AU,AUS,1998,42257.1718122395
Australia,AU,AUS,1997,40773.5660516518
Australia,AU,AUS,1996,39663.1617728168
Australia,AU,AUS,1995,38653.3366778657
Australia,AU,AUS,1994,37622.6524772939
Australia,AU,AUS,1993,36533.1468283451
Australia,AU,AUS,1992,35426.2848289008
Australia,AU,AUS,1991,35670.6678637309
Australia,AU,AUS,1990,36267.7410592234
Canada,CA,CAN,2023,57517.4431587432
Canada,CA,CAN,2022,58321.0611834624
Canada,CA,CAN,2021,56995.1176781351
Canada,CA,CAN,2020,54092.8790317796
Canada,CA,CAN,2019,57583.845798092
Canada,CA,CAN,2018,57337.4909099991
Canada,CA,CAN,2017,56612.3285367448
Canada,CA,CAN,2016,55606.1549191947
Canada,CA,CAN,2015,55660.8675272614
Canada,CA,CAN,2014,55723.4835404159
Canada,CA,CAN,2013,54712.178423981
Canada,CA,CAN,2012,54034.8034751988
Canada,CA,CAN,2011,53681.1296700569
Canada,CA,CAN,2010,52558.4408142168
Canada,CA,CAN,2009,51552.4223837895
Canada,CA,CAN,2008,53711.6792064975
Canada,CA,CAN,2007,53761.8620298113
Canada,CA,CAN,2006,53195.781842155
Canada,CA,CAN,2005,52356.5578038534
Canada,CA,CAN,2004,51210.6796118735
Canada,CA,CAN,2003,50139.7862347007
Canada,CA,CAN,2002,49695.0066909867
Canada,CA,CAN,2001,48774.1675534138
Canada,CA,CAN,2000,48399.3055389359
Canada,CA,CAN,1999,46464.5457841559
Canada,CA,CAN,1998,44553.2827303697
Canada,CA,CAN,1997,43241.2407061887
Canada,CA,CAN,1996,41880.5520989428
Canada,CA,CAN,1995,41617.7233238779
Canada,CA,CAN,1994,40952.1359325297
Canada,CA,CAN,1993,39622.4790617509
Canada,CA,CAN,1992,39023.182197815
Canada,CA,CAN,1991,39139.3122852292
Canada,CA,CAN,1990,40475.1123914259
Denmark,DK,DNK,2023,69379.22000847
Denmark,DK,DNK,2022,69475.3198650883
Denmark,DK,DNK,2021,69715.1809680929
Denmark,DK,DNK,2020,65744.4367251959
Denmark,DK,DNK,2019,67131.4657009734
Denmark,DK,DNK,2018,66238.705427981
Denmark,DK,DNK,2017,65352.3988081353
Denmark,DK,DNK,2016,63823.4502019665
Denmark,DK,DNK,2015,62405.7161942122
Denmark,DK,DNK,2014,61552.7997775157
Denmark,DK,DNK,2013,61085.0312821103
Denmark,DK,DNK,2012,60497.6919146995
Denmark,DK,DNK,2011,60729.0557255127
Denmark,DK,DNK,2010,60190.6346060499
Denmark,DK,DNK,2009,59516.5093273659
Denmark,DK,DNK,2008,62968.1612290596
Denmark,DK,DNK,2007,63604.5626658193
Denmark,DK,DNK,2006,63262.7404572232
Denmark,DK,DNK,2005,61137.6803582961
Denmark,DK,DNK,2004,59893.0929898784
Denmark,DK,DNK,2003,58425.9658939096
Denmark,DK,DNK,2002,58327.8281608342
Denmark,DK,DNK,2001,58248.553927359
Denmark,DK,DNK,2000,57907.5020603903
Denmark,DK,DNK,1999,56015.3553380174
Denmark,DK,DNK,1998,54581.4122543301
Denmark,DK,DNK,1997,53534.6146433982
Denmark,DK,DNK,1996,52106.5619034914
Denmark,DK,DNK,1995,50927.5478357083
Denmark,DK,DNK,1994,49684.138577862
Denmark,DK,DNK,1993,47345.4134295964
Denmark,DK,DNK,1992,47540.9254822308
Denmark,DK,DNK,1991,46752.671630889
Denmark,DK,DNK,1990,46200.4747957389
Finland,FI,FIN,2023,56250.8787899319
Finland,FI,FIN,2022,57068.3056478074
Finland,FI,FIN,2021,56790.3766177692
Finland,FI,FIN,2020,55424.8574989208
Finland,FI,FIN,2019,56922.4873163103
Finland,FI,FIN,2018,56226.337241343
Finland,FI,FIN,2017,55637.2262781223
Finland,FI,FIN,2016,53984.6316254715
Finland,FI,FIN,2015,52782.4873926277
Finland,FI,FIN,2014,52710.7334867778
Finland,FI,FIN,2013,53183.4286685126
Finland,FI,FIN,2012,53957.6680986279
Finland,FI,FIN,2011,55053.3906850323
Finland,FI,FIN,2010,54017.9458623339
Finland,FI,FIN,2009,52599.1487066911
Finland,FI,FIN,2008,57494.585352886
Finland,FI,FIN,2007,57313.2916474478
Finland,FI,FIN,2006,54653.981203281
Finland,FI,FIN,2005,52744.048034135
Finland,FI,FIN,2004,51494.705860401
Finland,FI,FIN,2003,49655.5451564067
Finland,FI,FIN,2002,48792.4864789775
Finland,FI,FIN,2001,48099.3014282794
Finland,FI,FIN,2000,46968.841714507
Finland,FI,FIN,1999,44505.7114770222
Finland,FI,FIN,1998,42733.4455712897
Finland,FI,FIN,1997,40630.921767316
Finland,FI,FIN,1996,38301.5126175582
Finland,FI,FIN,1995,37069.62898136
Finland,FI,FIN,1994,35699.7203086225
Finland,FI,FIN,1993,34486.7522555352
Finland,FI,FIN,1992,34926.3833591341
Finland,FI,FIN,1991,36326.0828945358
Finland,FI,FIN,1990,38807.1185244347
United Kingdom,GB,GBR,2023,52592.6822066393
United Kingdom,GB,GBR,2022,53139.151252206
United Kingdom,GB,GBR,2021,51004.4271714238
United Kingdom,GB,GBR,2020,47158.985486323
United Kingdom,GB,GBR,2019,52515.684446109
United Kingdom,GB,GBR,2018,52131.6948248133
United Kingdom,GB,GBR,2017,51586.6756125445
United Kingdom,GB,GBR,2016,50346.8592925717
United Kingdom,GB,GBR,2015,49652.7188154397
United Kingdom,GB,GBR,2014,48964.2863514962
United Kingdom,GB,GBR,2013,47820.2821627006
United Kingdom,GB,GBR,2012,47328.2100308702
United Kingdom,GB,GBR,2011,46949.0207981339
United Kingdom,GB,GBR,2010,46917.8912974837
United Kingdom,GB,GBR,2009,46241.8039957358
United Kingdom,GB,GBR,2008,48833.0712359377
United Kingdom,GB,GBR,2007,49243.2517368789
United Kingdom,GB,GBR,2006,48215.0486668938
United Kingdom,GB,GBR,2005,47529.9377511933
United Kingdom,GB,GBR,2004,46558.1299600699
United Kingdom,GB,GBR,2003,45759.4020280715
United Kingdom,GB,GBR,2002,44539.4636492853
United Kingdom,GB,GBR,2001,43976.8391685783
United Kingdom,GB,GBR,2000,43115.5630082237
United Kingdom,GB,GBR,1999,41396.9358449656
United Kingdom,GB,GBR,1998,40347.1799533754
United Kingdom,GB,GBR,1997,39192.610054674
United Kingdom,GB,GBR,1996,37465.3771277415
United Kingdom,GB,GBR,1995,36603.7383816545
United Kingdom,GB,GBR,1994,35448.1781034952
United Kingdom,GB,GBR,1993,33861.2523742725
United Kingdom,GB,GBR,1992,32797.7299280942
United Kingdom,GB,GBR,1991,32466.1961615901
United Kingdom,GB,GBR,1990,32993.1694419805
Ireland,IE,IRL,2023,117862.128878959
Ireland,IE,IRL,2022,123219.076059494
Ireland,IE,IRL,2021,116903.61243517
Ireland,IE,IRL,2020,101968.554362011
Ireland,IE,IRL,2019,96371.2910180182
Ireland,IE,IRL,2018,93276.0188154012
Ireland,IE,IRL,2017,87882.7074355024
Ireland,IE,IRL,2016,80899.0223207227
Ireland,IE,IRL,2015,80954.6619818255
Ireland,IE,IRL,2014,65575.8061665793
Ireland,IE,IRL,2013,60388.9413147986
Ireland,IE,IRL,2012,59405.0460751524
Ireland,IE,IRL,2011,59899.917652844
Ireland,IE,IRL,2010,59209.0996763251
Ireland,IE,IRL,2009,58547.2673956109
Ireland,IE,IRL,2008,62320.66630649
Ireland,IE,IRL,2007,66590.1938973457
Ireland,IE,IRL,2006,65087.1804631559
Ireland,IE,IRL,2005,63689.0843530779
Ireland,IE,IRL,2004,61558.5783140852
Ireland,IE,IRL,2003,58709.1544464475
Ireland,IE,IRL,2002,57927.488372311
Ireland,IE,IRL,2001,55630.1013273441
Ireland,IE,IRL,2000,53675.0054596933
Ireland,IE,IRL,1999,49719.8847973285
Ireland,IE,IRL,1998,45493.1692570651
Ireland,IE,IRL,1997,42265.1652200505
Ireland,IE,IRL,1996,38452.9454979361
Ireland,IE,IRL,1995,36094.7616757114
Ireland,IE,IRL,1994,33092.0640438826
Ireland,IE,IRL,1993,31414.5961920787
Ireland,IE,IRL,1992,30744.1914629607
Ireland,IE,IRL,1991,29953.2439013902
Ireland,IE,IRL,1990,29555.6320622281
Norway,NO,NOR,2023,90085.4382059786
Norway,NO,NOR,2022,91051.0831968407
Norway,NO,NOR,2021,88984.1386736515
Norway,NO,NOR,2020,86096.0508947506
Norway,NO,NOR,2019,87725.7283254613
Norway,NO,NOR,2018,87338.4708008985
Norway,NO,NOR,2017,87194.1115421374
Norway,NO,NOR,2016,85787.6174410424
Norway,NO,NOR,2015,85550.2942614495
Norway,NO,NOR,2014,84830.2558016961
Norway,NO,NOR,2013,84070.4583940478
Norway,NO,NOR,2012,84237.1495663816
Norway,NO,NOR,2011,83092.4342216441
Norway,NO,NOR,2010,83256.7880722557
Norway,NO,NOR,2009,83642.0695747773
Norway,NO,NOR,2008,86379.6624832291
Norway,NO,NOR,2007,87043.4979357593
Norway,NO,NOR,2006,85458.5466934023
Norway,NO,NOR,2005,84079.996241889
Norway,NO,NOR,2004,82440.9558801113
Norway,NO,NOR,2003,79728.7849973309
Norway,NO,NOR,2002,79447.0914824426
Norway,NO,NOR,2001,78791.3045707129
Norway,NO,NOR,2000,77587.2073182558
Norway,NO,NOR,1999,75583.834403854
Norway,NO,NOR,1998,74558.2948989562
Norway,NO,NOR,1997,73053.9655256434
Norway,NO,NOR,1996,69764.3814246187
Norway,NO,NOR,1995,66762.1587276864
Norway,NO,NOR,1994,64432.0723716969
Norway,NO,NOR,1993,61681.8032830775
Norway,NO,NOR,1992,60333.4494661276
Norway,NO,NOR,1991,58588.4683793671
Norway,NO,NOR,1990,57106.8839477005
New Zealand,NZ,NZL,2023,49508.2697230172
New Zealand,NZ,NZL,2022,49964.1765523158
New Zealand,NZ,NZL,2021,48248.7176729892
New Zealand,NZ,NZL,2020,46266.3954728951
New Zealand,NZ,NZL,2019,47362.3199332352
New Zealand,NZ,NZL,2018,46947.937247914
New Zealand,NZ,NZL,2017,46193.2884771696
New Zealand,NZ,NZL,2016,45626.6818435018
New Zealand,NZ,NZL,2015,44963.8339159182
New Zealand,NZ,NZL,2014,44255.5046637459
New Zealand,NZ,NZL,2013,43338.4373782961
New Zealand,NZ,NZL,2012,42570.3332823343
New Zealand,NZ,NZL,2011,41814.8851834052
New Zealand,NZ,NZL,2010,41270.9285099133
New Zealand,NZ,NZL,2009,41132.3368456501
New Zealand,NZ,NZL,2008,41561.1820713151
New Zealand,NZ,NZL,2007,42346.0894838728
New Zealand,NZ,NZL,2006,41475.1217441795
New Zealand,NZ,NZL,2005,40848.2981387428
New Zealand,NZ,NZL,2004,39971.7705007585
New Zealand,NZ,NZL,2003,38976.9126257578
New Zealand,NZ,NZL,2002,37959.0650638123
New Zealand,NZ,NZL,2001,36885.644684201
New Zealand,NZ,NZL,2000,35879.7911310766
New Zealand,NZ,NZL,1999,35084.291368526
New Zealand,NZ,NZL,1998,33469.2534254937
New Zealand,NZ,NZL,1997,33480.1450529262
New Zealand,NZ,NZL,1996,33231.4477971415
New Zealand,NZ,NZL,1995,32584.6549851439
New Zealand,NZ,NZL,1994,31574.3568979925
New Zealand,NZ,NZL,1993,30438.6278566661
New Zealand,NZ,NZL,1992,28938.0980223644
New Zealand,NZ,NZL,1991,28924.7432009087
New Zealand,NZ,NZL,1990,30695.4673486392
Sweden,SE,SWE,2023,62662.7652797761
Sweden,SE,SWE,2022,63088.4236678734
Sweden,SE,SWE,2021,62731.700616293
Sweden,SE,SWE,2020,59975.3644061895
Sweden,SE,SWE,2019,61601.6292338778
Sweden,SE,SWE,2018,60647.449528586
Sweden,SE,SWE,2017,60288.7998168676
Sweden,SE,SWE,2016,59977.3886010694
Sweden,SE,SWE,2015,59468.3538687625
Sweden,SE,SWE,2014,57574.0500485264
Sweden,SE,SWE,2013,56843.1649263734
Sweden,SE,SWE,2012,56682.0187013753
Sweden,SE,SWE,2011,57340.5039813247
Sweden,SE,SWE,2010,56003.2704715511
Sweden,SE,SWE,2009,53411.2005853182
Sweden,SE,SWE,2008,56262.4700751994
Sweden,SE,SWE,2007,57230.7901610156
Sweden,SE,SWE,2006,55855.4978279347
Sweden,SE,SWE,2005,53661.3178643623
Sweden,SE,SWE,2004,52412.411275873
Sweden,SE,SWE,2003,50507.9330738641
Sweden,SE,SWE,2002,49760.2161636006
Sweden,SE,SWE,2001,48810.644590655
Sweden,SE,SWE,2000,48284.8001841043
Sweden,SE,SWE,1999,46221.8079937232
Sweden,SE,SWE,1998,44392.8449919299
Sweden,SE,SWE,1997,42608.4136690457
Sweden,SE,SWE,1996,41364.9857254278
Sweden,SE,SWE,1995,40736.4273400135
Sweden,SE,SWE,1994,39340.0016622619
Sweden,SE,SWE,1993,38090.9458960736
Sweden,SE,SWE,1992,39120.9249133997
Sweden,SE,SWE,1991,39812.3177083366
Sweden,SE,SWE,1990,40549.3075177599
United States,US,USA,2023,74158.7164155605
United States,US,USA,2022,72679.2575396348
United States,US,USA,2021,71307.4017277218
United States,US,USA,2020,67342.0709287722
United States,US,USA,2019,69112.602688656
United States,US,USA,2018,67719.7656392064
United States,US,USA,2017,66155.5555676249
United States,US,USA,2016,65017.654963867
United States,US,USA,2015,64359.4725899466
United States,US,USA,2014,63018.8033942192
United States,US,USA,2013,61958.7234416953
United States,US,USA,2012,61134.530608776
United States,US,USA,2011,60245.4843994565
United States,US,USA,2010,59789.4129069749
United States,US,USA,2009,58714.9736915861
United States,US,USA,2008,60798.4338401606
United States,US,USA,2007,61306.596938633
United States,US,USA,2006,60676.5655690664
United States,US,USA,2005,59604.7536374577
United States,US,USA,2004,58131.6336853496
United States,US,USA,2003,56498.2078314911
United States,US,USA,2002,55436.1169813778
United States,US,USA,2001,55017.3049786608
United States,US,USA,2000,55038.6224959451
United States,US,USA,1999,53474.045430104
United States,US,USA,1998,51619.8698375216
United States,US,USA,1997,49984.2696497419
United States,US,USA,1996,48435.70010416
United States,US,USA,1995,47220.9579604358
United States,US,USA,1994,46537.3571477424
United States,US,USA,1993,45286.9355090342
United States,US,USA,1992,44659.1514617994
United States,US,USA,1991,43742.0261213549
United States,US,USA,1990,44378.5240275575
